activityTypeId,activityTypeName,amountFC,amountUSD,date,exchangeRate,expenseTypeId,expenseTypeName
FAFvIo1DPZrqzBVyAIju,Block Ice,30500.0,10.52,2025-02-26,2900,rJmQiBwOFlBSMV2xqVWU,Monthly Commitment
FAFvIo1DPZrqzBVyAIju,Block Ice,41000.0,14.14,2025-02-27,2900,rJmQiBwOFlBSMV2xqVWU,Monthly Commitment
FAFvIo1DPZrqzBVyAIju,Block Ice,30500.0,10.52,2025-02-28,2900,rJmQiBwOFlBSMV2xqVWU,Monthly Commitment
FAFvIo1DPZrqzBVyAIju,Block Ice,30500.0,10.52,2025-03-01,2900,rJmQiBwOFlBSMV2xqVWU,Monthly Commitment
FAFvIo1DPZrqzBVyAIju,Block Ice,30500.0,10.52,2025-03-02,2900,rJmQiBwOFlBSMV2xqVWU,Monthly Commitment
FAFvIo1DPZrqzBVyAIju,Block Ice,42000.0,14.48,2025-03-03,2900,rJmQiBwOFlBSMV2xqVWU,Monthly Commitment
FAFvIo1DPZrqzBVyAIju,Block Ice,30500.0,10.52,2025-03-04,2900,rJmQiBwOFlBSMV2xqVWU,Monthly Commitment
FAFvIo1DPZrqzBVyAIju,Block Ice,34000.0,11.72,2025-03-05,2900,rJmQiBwOFlBSMV2xqVWU,Monthly Commitment
FAFvIo1DPZrqzBVyAIju,Block Ice,37500.0,12.93,2025-03-06,2900,rJmQiBwOFlBSMV2xqVWU,Monthly Commitment
FAFvIo1DPZrqzBVyAIju,Block Ice,30500.0,10.52,2025-03-08,2900,rJmQiBwOFlBSMV2xqVWU,Monthly Commitment
FAFvIo1DPZrqzBVyAIju,Block Ice,37500.0,12.93,2025-03-09,2900,rJmQiBwOFlBSMV2xqVWU,Monthly Commitment
FAFvIo1DPZrqzBVyAIju,Block Ice,34000.0,11.72,2025-03-10,2900,rJmQiBwOFlBSMV2xqVWU,Monthly Commitment
FAFvIo1DPZrqzBVyAIju,Block Ice,34000.0,11.72,2025-03-11,2900,rJmQiBwOFlBSMV2xqVWU,Monthly Commitment
FAFvIo1DPZrqzBVyAIju,Block Ice,5000.0,1.72,2025-02-26,2900,Kz0wYCTSR6vrdcSI1P2x,Staff
FAFvIo1DPZrqzBVyAIju,Block Ice,7000.0,2.41,2025-02-27,2900,Kz0wYCTSR6vrdcSI1P2x,Staff
FAFvIo1DPZrqzBVyAIju,Block Ice,1157000.0,398.97,2025-02-28,2900,Kz0wYCTSR6vrdcSI1P2x,Staff
FAFvIo1DPZrqzBVyAIju,Block Ice,535000.0,184.48,2025-03-01,2900,Kz0wYCTSR6vrdcSI1P2x,Staff
FAFvIo1DPZrqzBVyAIju,Block Ice,515000.0,177.59,2025-03-02,2900,Kz0wYCTSR6vrdcSI1P2x,Staff
FAFvIo1DPZrqzBVyAIju,Block Ice,21000.0,7.24,2025-03-03,2900,Kz0wYCTSR6vrdcSI1P2x,Staff
FAFvIo1DPZrqzBVyAIju,Block Ice,370000.0,127.59,2025-03-04,2900,Kz0wYCTSR6vrdcSI1P2x,Staff
FAFvIo1DPZrqzBVyAIju,Block Ice,7000.0,2.41,2025-03-05,2900,Kz0wYCTSR6vrdcSI1P2x,Staff
FAFvIo1DPZrqzBVyAIju,Block Ice,14000.0,4.83,2025-03-09,2900,Kz0wYCTSR6vrdcSI1P2x,Staff
FAFvIo1DPZrqzBVyAIju,Block Ice,315000.0,108.62,2025-03-10,2900,Kz0wYCTSR6vrdcSI1P2x,Staff
FAFvIo1DPZrqzBVyAIju,Block Ice,7000.0,2.41,2025-03-11,2900,Kz0wYCTSR6vrdcSI1P2x,Staff
FAFvIo1DPZrqzBVyAIju,Block Ice,111500.0,38.45,2025-02-28,2900,K94oRU4tnZ5H29EYT0p2,Tax Charges
FAFvIo1DPZrqzBVyAIju,Block Ice,11000.0,3.79,2025-03-03,2900,K94oRU4tnZ5H29EYT0p2,Tax Charges
FAFvIo1DPZrqzBVyAIju,Block Ice,75000.0,25.86,2025-02-26,2900,GuB4Y1lggUzAbXiuNipL,Generator Fuel
FAFvIo1DPZrqzBVyAIju,Block Ice,150000.0,51.72,2025-03-03,2900,GuB4Y1lggUzAbXiuNipL,Generator Fuel
FAFvIo1DPZrqzBVyAIju,Block Ice,235000.0,81.03,2025-03-04,2900,GuB4Y1lggUzAbXiuNipL,Generator Fuel
FAFvIo1DPZrqzBVyAIju,Block Ice,75000.0,25.86,2025-03-05,2900,GuB4Y1lggUzAbXiuNipL,Generator Fuel
FAFvIo1DPZrqzBVyAIju,Block Ice,75000.0,25.86,2025-03-06,2900,GuB4Y1lggUzAbXiuNipL,Generator Fuel
FAFvIo1DPZrqzBVyAIju,Block Ice,75000.0,25.86,2025-03-09,2900,GuB4Y1lggUzAbXiuNipL,Generator Fuel
FAFvIo1DPZrqzBVyAIju,Block Ice,150000.0,51.72,2025-03-11,2900,GuB4Y1lggUzAbXiuNipL,Generator Fuel
FAFvIo1DPZrqzBVyAIju,Block Ice,21500.0,7.41,2025-02-26,2900,T9xCRoYcemSHcQq2wu8o,Rolling Equipment
FAFvIo1DPZrqzBVyAIju,Block Ice,119500.0,41.21,2025-02-27,2900,T9xCRoYcemSHcQq2wu8o,Rolling Equipment
FAFvIo1DPZrqzBVyAIju,Block Ice,60000.0,20.69,2025-02-28,2900,T9xCRoYcemSHcQq2wu8o,Rolling Equipment
FAFvIo1DPZrqzBVyAIju,Block Ice,17500.0,6.03,2025-03-01,2900,T9xCRoYcemSHcQq2wu8o,Rolling Equipment
FAFvIo1DPZrqzBVyAIju,Block Ice,17500.0,6.03,2025-03-02,2900,T9xCRoYcemSHcQq2wu8o,Rolling Equipment
FAFvIo1DPZrqzBVyAIju,Block Ice,167500.0,57.76,2025-03-03,2900,T9xCRoYcemSHcQq2wu8o,Rolling Equipment
FAFvIo1DPZrqzBVyAIju,Block Ice,100000.0,34.48,2025-03-09,2900,T9xCRoYcemSHcQq2wu8o,Rolling Equipment
FAFvIo1DPZrqzBVyAIju,Block Ice,15000.0,5.17,2025-03-11,2900,T9xCRoYcemSHcQq2wu8o,Rolling Equipment
FAFvIo1DPZrqzBVyAIju,Block Ice,128000.0,44.14,2025-02-26,2900,xsNBbGxClX3PrQ3MCVNp,Maintenance & Repairs of Machines
FAFvIo1DPZrqzBVyAIju,Block Ice,92000.0,31.72,2025-02-28,2900,xsNBbGxClX3PrQ3MCVNp,Maintenance & Repairs of Machines
FAFvIo1DPZrqzBVyAIju,Block Ice,92000.0,31.72,2025-03-03,2900,xsNBbGxClX3PrQ3MCVNp,Maintenance & Repairs of Machines
FAFvIo1DPZrqzBVyAIju,Block Ice,23000.0,7.93,2025-03-04,2900,xsNBbGxClX3PrQ3MCVNp,Maintenance & Repairs of Machines
FAFvIo1DPZrqzBVyAIju,Block Ice,188600.0,65.03,2025-03-06,2900,xsNBbGxClX3PrQ3MCVNp,Maintenance & Repairs of Machines
FAFvIo1DPZrqzBVyAIju,Block Ice,870000.0,300.0,2025-03-08,2900,xsNBbGxClX3PrQ3MCVNp,Maintenance & Repairs of Machines
FAFvIo1DPZrqzBVyAIju,Block Ice,87000.0,30.0,2025-03-10,2900,xsNBbGxClX3PrQ3MCVNp,Maintenance & Repairs of Machines
FAFvIo1DPZrqzBVyAIju,Block Ice,46000.0,15.86,2025-03-11,2900,xsNBbGxClX3PrQ3MCVNp,Maintenance & Repairs of Machines
FAFvIo1DPZrqzBVyAIju,Block Ice,89000.0,30.69,2025-03-01,2900,imVuQbhtYp1jQn2bygzu,Maintenance & Repairs of Rolling Equipment
FAFvIo1DPZrqzBVyAIju,Block Ice,870000.0,300.0,2025-03-08,2900,imVuQbhtYp1jQn2bygzu,Maintenance & Repairs of Rolling Equipment
FAFvIo1DPZrqzBVyAIju,Block Ice,58000.0,20.0,2025-03-10,2900,imVuQbhtYp1jQn2bygzu,Maintenance & Repairs of Rolling Equipment
FAFvIo1DPZrqzBVyAIju,Block Ice,42000.0,14.48,2025-03-03,2900,youlqtnjC7i6QcAYr9Xt,Construction & Real Estate Repairs
FAFvIo1DPZrqzBVyAIju,Block Ice,23000.0,7.93,2025-02-26,2900,Q13wfciYwm1ExhDF212r,Miscellaneous Expenses
FAFvIo1DPZrqzBVyAIju,Block Ice,22000.0,7.59,2025-02-27,2900,Q13wfciYwm1ExhDF212r,Miscellaneous Expenses
FAFvIo1DPZrqzBVyAIju,Block Ice,72000.0,24.83,2025-03-01,2900,Q13wfciYwm1ExhDF212r,Miscellaneous Expenses
FAFvIo1DPZrqzBVyAIju,Block Ice,40000.0,13.79,2025-03-03,2900,Q13wfciYwm1ExhDF212r,Miscellaneous Expenses
FAFvIo1DPZrqzBVyAIju,Block Ice,14000.0,4.83,2025-03-04,2900,Q13wfciYwm1ExhDF212r,Miscellaneous Expenses
FAFvIo1DPZrqzBVyAIju,Block Ice,23000.0,7.93,2025-03-05,2900,Q13wfciYwm1ExhDF212r,Miscellaneous Expenses
FAFvIo1DPZrqzBVyAIju,Block Ice,43000.0,14.83,2025-03-06,2900,Q13wfciYwm1ExhDF212r,Miscellaneous Expenses
FAFvIo1DPZrqzBVyAIju,Block Ice,33000.0,11.38,2025-03-09,2900,Q13wfciYwm1ExhDF212r,Miscellaneous Expenses
FAFvIo1DPZrqzBVyAIju,Block Ice,25000.0,8.62,2025-03-10,2900,Q13wfciYwm1ExhDF212r,Miscellaneous Expenses
FAFvIo1DPZrqzBVyAIju,Block Ice,7000.0,2.41,2025-03-11,2900,Q13wfciYwm1ExhDF212r,Miscellaneous Expenses
FAFvIo1DPZrqzBVyAIju,Block Ice,30500.0,10.52,2025-02-26,2900,rJmQiBwOFlBSMV2xqVWU,Monthly Commitment
FAFvIo1DPZrqzBVyAIju,Block Ice,31000.0,10.69,2025-02-27,2900,rJmQiBwOFlBSMV2xqVWU,Monthly Commitment
FAFvIo1DPZrqzBVyAIju,Block Ice,30500.0,10.52,2025-02-28,2900,rJmQiBwOFlBSMV2xqVWU,Monthly Commitment
FAFvIo1DPZrqzBVyAIju,Block Ice,30500.0,10.52,2025-03-01,2900,rJmQiBwOFlBSMV2xqVWU,Monthly Commitment
FAFvIo1DPZrqzBVyAIju,Block Ice,30500.0,10.52,2025-03-02,2900,rJmQiBwOFlBSMV2xqVWU,Monthly Commitment
FAFvIo1DPZrqzBVyAIju,Block Ice,42000.0,14.48,2025-03-03,2900,rJmQiBwOFlBSMV2xqVWU,Monthly Commitment
FAFvIo1DPZrqzBVyAIju,Block Ice,30500.0,10.52,2025-03-04,2900,rJmQiBwOFlBSMV2xqVWU,Monthly Commitment
FAFvIo1DPZrqzBVyAIju,Block Ice,34000.0,11.72,2025-03-05,2900,rJmQiBwOFlBSMV2xqVWU,Monthly Commitment
FAFvIo1DPZrqzBVyAIju,Block Ice,36500.0,12.59,2025-03-06,2900,rJmQiBwOFlBSMV2xqVWU,Monthly Commitment
FAFvIo1DPZrqzBVyAIju,Block Ice,41500.0,14.31,2025-03-07,2900,rJmQiBwOFlBSMV2xqVWU,Monthly Commitment
FAFvIo1DPZrqzBVyAIju,Block Ice,30500.0,10.52,2025-03-08,2900,rJmQiBwOFlBSMV2xqVWU,Monthly Commitment
FAFvIo1DPZrqzBVyAIju,Block Ice,37500.0,12.93,2025-03-09,2900,rJmQiBwOFlBSMV2xqVWU,Monthly Commitment
FAFvIo1DPZrqzBVyAIju,Block Ice,34000.0,11.72,2025-03-10,2900,rJmQiBwOFlBSMV2xqVWU,Monthly Commitment
FAFvIo1DPZrqzBVyAIju,Block Ice,34000.0,11.72,2025-03-11,2900,rJmQiBwOFlBSMV2xqVWU,Monthly Commitment
FAFvIo1DPZrqzBVyAIju,Block Ice,34000.0,11.72,2025-03-12,2900,rJmQiBwOFlBSMV2xqVWU,Monthly Commitment
FAFvIo1DPZrqzBVyAIju,Block Ice,41000.0,14.14,2025-03-13,2900,rJmQiBwOFlBSMV2xqVWU,Monthly Commitment
FAFvIo1DPZrqzBVyAIju,Block Ice,30500.0,10.52,2025-03-14,2900,rJmQiBwOFlBSMV2xqVWU,Monthly Commitment
FAFvIo1DPZrqzBVyAIju,Block Ice,30500.0,10.52,2025-03-15,2900,rJmQiBwOFlBSMV2xqVWU,Monthly Commitment
FAFvIo1DPZrqzBVyAIju,Block Ice,30500.0,10.52,2025-03-16,2900,rJmQiBwOFlBSMV2xqVWU,Monthly Commitment
FAFvIo1DPZrqzBVyAIju,Block Ice,41000.0,14.14,2025-03-17,2900,rJmQiBwOFlBSMV2xqVWU,Monthly Commitment
FAFvIo1DPZrqzBVyAIju,Block Ice,34000.0,11.72,2025-03-18,2900,rJmQiBwOFlBSMV2xqVWU,Monthly Commitment
FAFvIo1DPZrqzBVyAIju,Block Ice,34000.0,11.72,2025-03-19,2900,rJmQiBwOFlBSMV2xqVWU,Monthly Commitment
FAFvIo1DPZrqzBVyAIju,Block Ice,41000.0,14.14,2025-03-20,2900,rJmQiBwOFlBSMV2xqVWU,Monthly Commitment
FAFvIo1DPZrqzBVyAIju,Block Ice,30500.0,10.52,2025-03-21,2900,rJmQiBwOFlBSMV2xqVWU,Monthly Commitment
FAFvIo1DPZrqzBVyAIju,Block Ice,30500.0,10.52,2025-03-22,2900,rJmQiBwOFlBSMV2xqVWU,Monthly Commitment
FAFvIo1DPZrqzBVyAIju,Block Ice,37500.0,12.93,2025-03-23,2900,rJmQiBwOFlBSMV2xqVWU,Monthly Commitment
FAFvIo1DPZrqzBVyAIju,Block Ice,34000.0,11.72,2025-03-24,2900,rJmQiBwOFlBSMV2xqVWU,Monthly Commitment
FAFvIo1DPZrqzBVyAIju,Block Ice,34000.0,11.72,2025-03-25,2900,rJmQiBwOFlBSMV2xqVWU,Monthly Commitment
FAFvIo1DPZrqzBVyAIju,Block Ice,34000.0,11.72,2025-03-26,2900,rJmQiBwOFlBSMV2xqVWU,Monthly Commitment
FAFvIo1DPZrqzBVyAIju,Block Ice,41000.0,14.14,2025-03-27,2900,rJmQiBwOFlBSMV2xqVWU,Monthly Commitment
FAFvIo1DPZrqzBVyAIju,Block Ice,30500.0,10.52,2025-03-28,2900,rJmQiBwOFlBSMV2xqVWU,Monthly Commitment
FAFvIo1DPZrqzBVyAIju,Block Ice,5000.0,1.72,2025-02-26,2900,Kz0wYCTSR6vrdcSI1P2x,Staff
FAFvIo1DPZrqzBVyAIju,Block Ice,7000.0,2.41,2025-02-27,2900,Kz0wYCTSR6vrdcSI1P2x,Staff
FAFvIo1DPZrqzBVyAIju,Block Ice,1107000.0,381.72,2025-02-28,2900,Kz0wYCTSR6vrdcSI1P2x,Staff
FAFvIo1DPZrqzBVyAIju,Block Ice,535000.0,184.48,2025-03-01,2900,Kz0wYCTSR6vrdcSI1P2x,Staff
FAFvIo1DPZrqzBVyAIju,Block Ice,515000.0,177.59,2025-03-02,2900,Kz0wYCTSR6vrdcSI1P2x,Staff
FAFvIo1DPZrqzBVyAIju,Block Ice,336000.0,115.86,2025-03-03,2900,Kz0wYCTSR6vrdcSI1P2x,Staff
FAFvIo1DPZrqzBVyAIju,Block Ice,370000.0,127.59,2025-03-04,2900,Kz0wYCTSR6vrdcSI1P2x,Staff
FAFvIo1DPZrqzBVyAIju,Block Ice,7000.0,2.41,2025-03-05,2900,Kz0wYCTSR6vrdcSI1P2x,Staff
FAFvIo1DPZrqzBVyAIju,Block Ice,7000.0,2.41,2025-03-06,2900,Kz0wYCTSR6vrdcSI1P2x,Staff
FAFvIo1DPZrqzBVyAIju,Block Ice,7000.0,2.41,2025-03-07,2900,Kz0wYCTSR6vrdcSI1P2x,Staff
FAFvIo1DPZrqzBVyAIju,Block Ice,7000.0,2.41,2025-03-09,2900,Kz0wYCTSR6vrdcSI1P2x,Staff
FAFvIo1DPZrqzBVyAIju,Block Ice,315000.0,108.62,2025-03-10,2900,Kz0wYCTSR6vrdcSI1P2x,Staff
FAFvIo1DPZrqzBVyAIju,Block Ice,7000.0,2.41,2025-03-11,2900,Kz0wYCTSR6vrdcSI1P2x,Staff
FAFvIo1DPZrqzBVyAIju,Block Ice,7000.0,2.41,2025-03-12,2900,Kz0wYCTSR6vrdcSI1P2x,Staff
FAFvIo1DPZrqzBVyAIju,Block Ice,7000.0,2.41,2025-03-14,2900,Kz0wYCTSR6vrdcSI1P2x,Staff
FAFvIo1DPZrqzBVyAIju,Block Ice,7000.0,2.41,2025-03-15,2900,Kz0wYCTSR6vrdcSI1P2x,Staff
FAFvIo1DPZrqzBVyAIju,Block Ice,14000.0,4.83,2025-03-16,2900,Kz0wYCTSR6vrdcSI1P2x,Staff
FAFvIo1DPZrqzBVyAIju,Block Ice,7000.0,2.41,2025-03-17,2900,Kz0wYCTSR6vrdcSI1P2x,Staff
FAFvIo1DPZrqzBVyAIju,Block Ice,7000.0,2.41,2025-03-18,2900,Kz0wYCTSR6vrdcSI1P2x,Staff
FAFvIo1DPZrqzBVyAIju,Block Ice,7000.0,2.41,2025-03-20,2900,Kz0wYCTSR6vrdcSI1P2x,Staff
FAFvIo1DPZrqzBVyAIju,Block Ice,7000.0,2.41,2025-03-23,2900,Kz0wYCTSR6vrdcSI1P2x,Staff
FAFvIo1DPZrqzBVyAIju,Block Ice,5000.0,1.72,2025-03-24,2900,Kz0wYCTSR6vrdcSI1P2x,Staff
FAFvIo1DPZrqzBVyAIju,Block Ice,7000.0,2.41,2025-03-25,2900,Kz0wYCTSR6vrdcSI1P2x,Staff
FAFvIo1DPZrqzBVyAIju,Block Ice,5000.0,1.72,2025-03-26,2900,Kz0wYCTSR6vrdcSI1P2x,Staff
FAFvIo1DPZrqzBVyAIju,Block Ice,5000.0,1.72,2025-03-27,2900,Kz0wYCTSR6vrdcSI1P2x,Staff
FAFvIo1DPZrqzBVyAIju,Block Ice,102500.0,35.34,2025-02-28,2900,K94oRU4tnZ5H29EYT0p2,Tax Charges
FAFvIo1DPZrqzBVyAIju,Block Ice,50000.0,17.24,2025-03-02,2900,K94oRU4tnZ5H29EYT0p2,Tax Charges
FAFvIo1DPZrqzBVyAIju,Block Ice,50000.0,17.24,2025-03-12,2900,K94oRU4tnZ5H29EYT0p2,Tax Charges
FAFvIo1DPZrqzBVyAIju,Block Ice,210000.0,72.41,2025-03-13,2900,K94oRU4tnZ5H29EYT0p2,Tax Charges
FAFvIo1DPZrqzBVyAIju,Block Ice,110000.0,37.93,2025-03-17,2900,K94oRU4tnZ5H29EYT0p2,Tax Charges
FAFvIo1DPZrqzBVyAIju,Block Ice,75000.0,25.86,2025-02-26,2900,GuB4Y1lggUzAbXiuNipL,Generator Fuel
FAFvIo1DPZrqzBVyAIju,Block Ice,150000.0,51.72,2025-03-02,2900,GuB4Y1lggUzAbXiuNipL,Generator Fuel
FAFvIo1DPZrqzBVyAIju,Block Ice,235000.0,81.03,2025-03-03,2900,GuB4Y1lggUzAbXiuNipL,Generator Fuel
FAFvIo1DPZrqzBVyAIju,Block Ice,75000.0,25.86,2025-03-04,2900,GuB4Y1lggUzAbXiuNipL,Generator Fuel
FAFvIo1DPZrqzBVyAIju,Block Ice,75000.0,25.86,2025-03-05,2900,GuB4Y1lggUzAbXiuNipL,Generator Fuel
FAFvIo1DPZrqzBVyAIju,Block Ice,75000.0,25.86,2025-03-08,2900,GuB4Y1lggUzAbXiuNipL,Generator Fuel
FAFvIo1DPZrqzBVyAIju,Block Ice,150000.0,51.72,2025-03-10,2900,GuB4Y1lggUzAbXiuNipL,Generator Fuel
FAFvIo1DPZrqzBVyAIju,Block Ice,78000.0,26.9,2025-03-16,2900,GuB4Y1lggUzAbXiuNipL,Generator Fuel
FAFvIo1DPZrqzBVyAIju,Block Ice,75000.0,25.86,2025-03-18,2900,GuB4Y1lggUzAbXiuNipL,Generator Fuel
FAFvIo1DPZrqzBVyAIju,Block Ice,75000.0,25.86,2025-03-22,2900,GuB4Y1lggUzAbXiuNipL,Generator Fuel
FAFvIo1DPZrqzBVyAIju,Block Ice,75000.0,25.86,2025-03-24,2900,GuB4Y1lggUzAbXiuNipL,Generator Fuel
FAFvIo1DPZrqzBVyAIju,Block Ice,75000.0,25.86,2025-03-25,2900,GuB4Y1lggUzAbXiuNipL,Generator Fuel
FAFvIo1DPZrqzBVyAIju,Block Ice,21500.0,7.41,2025-02-26,2900,T9xCRoYcemSHcQq2wu8o,Rolling Equipment
FAFvIo1DPZrqzBVyAIju,Block Ice,19500.0,6.72,2025-02-27,2900,T9xCRoYcemSHcQq2wu8o,Rolling Equipment
FAFvIo1DPZrqzBVyAIju,Block Ice,60000.0,20.69,2025-02-28,2900,T9xCRoYcemSHcQq2wu8o,Rolling Equipment
FAFvIo1DPZrqzBVyAIju,Block Ice,17500.0,6.03,2025-03-02,2900,T9xCRoYcemSHcQq2wu8o,Rolling Equipment
FAFvIo1DPZrqzBVyAIju,Block Ice,167500.0,57.76,2025-03-03,2900,T9xCRoYcemSHcQq2wu8o,Rolling Equipment
FAFvIo1DPZrqzBVyAIju,Block Ice,90000.0,31.03,2025-03-07,2900,T9xCRoYcemSHcQq2wu8o,Rolling Equipment
FAFvIo1DPZrqzBVyAIju,Block Ice,100000.0,34.48,2025-03-09,2900,T9xCRoYcemSHcQq2wu8o,Rolling Equipment
FAFvIo1DPZrqzBVyAIju,Block Ice,15000.0,5.17,2025-03-11,2900,T9xCRoYcemSHcQq2wu8o,Rolling Equipment
FAFvIo1DPZrqzBVyAIju,Block Ice,90000.0,31.03,2025-03-12,2900,T9xCRoYcemSHcQq2wu8o,Rolling Equipment
FAFvIo1DPZrqzBVyAIju,Block Ice,90000.0,31.03,2025-03-16,2900,T9xCRoYcemSHcQq2wu8o,Rolling Equipment
FAFvIo1DPZrqzBVyAIju,Block Ice,90000.0,31.03,2025-03-17,2900,T9xCRoYcemSHcQq2wu8o,Rolling Equipment
FAFvIo1DPZrqzBVyAIju,Block Ice,90000.0,31.03,2025-03-18,2900,T9xCRoYcemSHcQq2wu8o,Rolling Equipment
FAFvIo1DPZrqzBVyAIju,Block Ice,90000.0,31.03,2025-03-20,2900,T9xCRoYcemSHcQq2wu8o,Rolling Equipment
FAFvIo1DPZrqzBVyAIju,Block Ice,90000.0,31.03,2025-03-21,2900,T9xCRoYcemSHcQq2wu8o,Rolling Equipment
FAFvIo1DPZrqzBVyAIju,Block Ice,90000.0,31.03,2025-03-23,2900,T9xCRoYcemSHcQq2wu8o,Rolling Equipment
FAFvIo1DPZrqzBVyAIju,Block Ice,20000.0,6.9,2025-03-24,2900,T9xCRoYcemSHcQq2wu8o,Rolling Equipment
FAFvIo1DPZrqzBVyAIju,Block Ice,115500.0,39.83,2025-03-25,2900,T9xCRoYcemSHcQq2wu8o,Rolling Equipment
FAFvIo1DPZrqzBVyAIju,Block Ice,77500.0,26.72,2025-03-26,2900,T9xCRoYcemSHcQq2wu8o,Rolling Equipment
FAFvIo1DPZrqzBVyAIju,Block Ice,25500.0,8.79,2025-03-27,2900,T9xCRoYcemSHcQq2wu8o,Rolling Equipment
FAFvIo1DPZrqzBVyAIju,Block Ice,77500.0,26.72,2025-03-28,2900,T9xCRoYcemSHcQq2wu8o,Rolling Equipment
FAFvIo1DPZrqzBVyAIju,Block Ice,128000.0,44.14,2025-02-26,2900,xsNBbGxClX3PrQ3MCVNp,Maintenance & Repairs of Machines
FAFvIo1DPZrqzBVyAIju,Block Ice,2000.0,0.69,2025-02-27,2900,xsNBbGxClX3PrQ3MCVNp,Maintenance & Repairs of Machines
FAFvIo1DPZrqzBVyAIju,Block Ice,92000.0,31.72,2025-02-28,2900,xsNBbGxClX3PrQ3MCVNp,Maintenance & Repairs of Machines
FAFvIo1DPZrqzBVyAIju,Block Ice,92000.0,31.72,2025-03-03,2900,xsNBbGxClX3PrQ3MCVNp,Maintenance & Repairs of Machines
FAFvIo1DPZrqzBVyAIju,Block Ice,23000.0,7.93,2025-03-04,2900,xsNBbGxClX3PrQ3MCVNp,Maintenance & Repairs of Machines
FAFvIo1DPZrqzBVyAIju,Block Ice,188600.0,65.03,2025-03-06,2900,xsNBbGxClX3PrQ3MCVNp,Maintenance & Repairs of Machines
FAFvIo1DPZrqzBVyAIju,Block Ice,146000.0,50.34,2025-03-10,2900,xsNBbGxClX3PrQ3MCVNp,Maintenance & Repairs of Machines
FAFvIo1DPZrqzBVyAIju,Block Ice,40000.0,13.79,2025-03-11,2900,xsNBbGxClX3PrQ3MCVNp,Maintenance & Repairs of Machines
FAFvIo1DPZrqzBVyAIju,Block Ice,58000.0,20.0,2025-03-19,2900,xsNBbGxClX3PrQ3MCVNp,Maintenance & Repairs of Machines
FAFvIo1DPZrqzBVyAIju,Block Ice,55000.0,18.97,2025-03-22,2900,xsNBbGxClX3PrQ3MCVNp,Maintenance & Repairs of Machines
FAFvIo1DPZrqzBVyAIju,Block Ice,98600.0,34.0,2025-03-24,2900,xsNBbGxClX3PrQ3MCVNp,Maintenance & Repairs of Machines
FAFvIo1DPZrqzBVyAIju,Block Ice,40000.0,13.79,2025-03-26,2900,xsNBbGxClX3PrQ3MCVNp,Maintenance & Repairs of Machines
FAFvIo1DPZrqzBVyAIju,Block Ice,59000.0,20.34,2025-03-01,2900,imVuQbhtYp1jQn2bygzu,Maintenance & Repairs of Rolling Equipment
FAFvIo1DPZrqzBVyAIju,Block Ice,110000.0,37.93,2025-03-03,2900,imVuQbhtYp1jQn2bygzu,Maintenance & Repairs of Rolling Equipment
FAFvIo1DPZrqzBVyAIju,Block Ice,361000.0,124.48,2025-03-08,2900,imVuQbhtYp1jQn2bygzu,Maintenance & Repairs of Rolling Equipment
FAFvIo1DPZrqzBVyAIju,Block Ice,4000.0,1.38,2025-03-23,2900,imVuQbhtYp1jQn2bygzu,Maintenance & Repairs of Rolling Equipment
FAFvIo1DPZrqzBVyAIju,Block Ice,6000.0,2.07,2025-03-27,2900,imVuQbhtYp1jQn2bygzu,Maintenance & Repairs of Rolling Equipment
FAFvIo1DPZrqzBVyAIju,Block Ice,23000.0,7.93,2025-02-26,2900,Q13wfciYwm1ExhDF212r,Miscellaneous Expenses
FAFvIo1DPZrqzBVyAIju,Block Ice,100000.0,34.48,2025-03-01,2900,Q13wfciYwm1ExhDF212r,Miscellaneous Expenses
FAFvIo1DPZrqzBVyAIju,Block Ice,330000.0,113.79,2025-03-03,2900,Q13wfciYwm1ExhDF212r,Miscellaneous Expenses
FAFvIo1DPZrqzBVyAIju,Block Ice,14000.0,4.83,2025-03-04,2900,Q13wfciYwm1ExhDF212r,Miscellaneous Expenses
FAFvIo1DPZrqzBVyAIju,Block Ice,23000.0,7.93,2025-03-05,2900,Q13wfciYwm1ExhDF212r,Miscellaneous Expenses
FAFvIo1DPZrqzBVyAIju,Block Ice,43000.0,14.83,2025-03-06,2900,Q13wfciYwm1ExhDF212r,Miscellaneous Expenses
FAFvIo1DPZrqzBVyAIju,Block Ice,55000.0,18.97,2025-03-07,2900,Q13wfciYwm1ExhDF212r,Miscellaneous Expenses
FAFvIo1DPZrqzBVyAIju,Block Ice,30000.0,10.34,2025-03-09,2900,Q13wfciYwm1ExhDF212r,Miscellaneous Expenses
FAFvIo1DPZrqzBVyAIju,Block Ice,25000.0,8.62,2025-03-10,2900,Q13wfciYwm1ExhDF212r,Miscellaneous Expenses
FAFvIo1DPZrqzBVyAIju,Block Ice,7000.0,2.41,2025-03-11,2900,Q13wfciYwm1ExhDF212r,Miscellaneous Expenses
FAFvIo1DPZrqzBVyAIju,Block Ice,246500.0,85.0,2025-03-13,2900,Q13wfciYwm1ExhDF212r,Miscellaneous Expenses
FAFvIo1DPZrqzBVyAIju,Block Ice,20000.0,6.9,2025-03-15,2900,Q13wfciYwm1ExhDF212r,Miscellaneous Expenses
FAFvIo1DPZrqzBVyAIju,Block Ice,23000.0,7.93,2025-03-16,2900,Q13wfciYwm1ExhDF212r,Miscellaneous Expenses
FAFvIo1DPZrqzBVyAIju,Block Ice,30000.0,10.34,2025-03-17,2900,Q13wfciYwm1ExhDF212r,Miscellaneous Expenses
FAFvIo1DPZrqzBVyAIju,Block Ice,26000.0,8.97,2025-03-18,2900,Q13wfciYwm1ExhDF212r,Miscellaneous Expenses
FAFvIo1DPZrqzBVyAIju,Block Ice,10000.0,3.45,2025-03-19,2900,Q13wfciYwm1ExhDF212r,Miscellaneous Expenses
FAFvIo1DPZrqzBVyAIju,Block Ice,50000.0,17.24,2025-03-20,2900,Q13wfciYwm1ExhDF212r,Miscellaneous Expenses
FAFvIo1DPZrqzBVyAIju,Block Ice,3000.0,1.03,2025-03-21,2900,Q13wfciYwm1ExhDF212r,Miscellaneous Expenses
FAFvIo1DPZrqzBVyAIju,Block Ice,25500.0,8.79,2025-03-22,2900,Q13wfciYwm1ExhDF212r,Miscellaneous Expenses
FAFvIo1DPZrqzBVyAIju,Block Ice,10000.0,3.45,2025-03-23,2900,Q13wfciYwm1ExhDF212r,Miscellaneous Expenses
FAFvIo1DPZrqzBVyAIju,Block Ice,29500.0,10.17,2025-03-24,2900,Q13wfciYwm1ExhDF212r,Miscellaneous Expenses
FAFvIo1DPZrqzBVyAIju,Block Ice,95000.0,32.76,2025-03-25,2900,Q13wfciYwm1ExhDF212r,Miscellaneous Expenses
FAFvIo1DPZrqzBVyAIju,Block Ice,36000.0,12.41,2025-03-26,2900,Q13wfciYwm1ExhDF212r,Miscellaneous Expenses
FAFvIo1DPZrqzBVyAIju,Block Ice,30500.0,10.52,2025-03-27,2900,Q13wfciYwm1ExhDF212r,Miscellaneous Expenses
FAFvIo1DPZrqzBVyAIju,Block Ice,110000.0,37.93,2025-03-28,2900,Q13wfciYwm1ExhDF212r,Miscellaneous Expenses
FAFvIo1DPZrqzBVyAIju,Block Ice,34000.0,11.72,2005-04-01,2900,rJmQiBwOFlBSMV2xqVWU,Monthly Commitment
FAFvIo1DPZrqzBVyAIju,Block Ice,34000.0,11.72,2005-04-02,2900,rJmQiBwOFlBSMV2xqVWU,Monthly Commitment
FAFvIo1DPZrqzBVyAIju,Block Ice,44500.0,15.34,2025-04-03,2900,rJmQiBwOFlBSMV2xqVWU,Monthly Commitment
FAFvIo1DPZrqzBVyAIju,Block Ice,34000.0,11.72,2025-04-04,2900,rJmQiBwOFlBSMV2xqVWU,Monthly Commitment
FAFvIo1DPZrqzBVyAIju,Block Ice,30500.0,10.52,2025-04-05,2900,rJmQiBwOFlBSMV2xqVWU,Monthly Commitment
FAFvIo1DPZrqzBVyAIju,Block Ice,30500.0,10.52,2025-04-06,2900,rJmQiBwOFlBSMV2xqVWU,Monthly Commitment
FAFvIo1DPZrqzBVyAIju,Block Ice,37500.0,12.93,2025-04-07,2900,rJmQiBwOFlBSMV2xqVWU,Monthly Commitment
FAFvIo1DPZrqzBVyAIju,Block Ice,37500.0,12.93,2025-04-08,2900,rJmQiBwOFlBSMV2xqVWU,Monthly Commitment
FAFvIo1DPZrqzBVyAIju,Block Ice,37500.0,12.93,2025-04-09,2900,rJmQiBwOFlBSMV2xqVWU,Monthly Commitment
FAFvIo1DPZrqzBVyAIju,Block Ice,46500.0,16.03,2025-04-10,2900,rJmQiBwOFlBSMV2xqVWU,Monthly Commitment
FAFvIo1DPZrqzBVyAIju,Block Ice,34000.0,11.72,2025-04-11,2900,rJmQiBwOFlBSMV2xqVWU,Monthly Commitment
FAFvIo1DPZrqzBVyAIju,Block Ice,34000.0,11.72,2025-04-12,2900,rJmQiBwOFlBSMV2xqVWU,Monthly Commitment
FAFvIo1DPZrqzBVyAIju,Block Ice,37500.0,12.93,2025-04-13,2900,rJmQiBwOFlBSMV2xqVWU,Monthly Commitment
FAFvIo1DPZrqzBVyAIju,Block Ice,37500.0,12.93,2025-04-14,2900,rJmQiBwOFlBSMV2xqVWU,Monthly Commitment
FAFvIo1DPZrqzBVyAIju,Block Ice,37500.0,12.93,2025-04-15,2900,rJmQiBwOFlBSMV2xqVWU,Monthly Commitment
FAFvIo1DPZrqzBVyAIju,Block Ice,39500.0,13.62,2025-04-16,2900,rJmQiBwOFlBSMV2xqVWU,Monthly Commitment
FAFvIo1DPZrqzBVyAIju,Block Ice,41000.0,14.14,2025-04-17,2900,rJmQiBwOFlBSMV2xqVWU,Monthly Commitment
FAFvIo1DPZrqzBVyAIju,Block Ice,34000.0,11.72,2025-04-18,2900,rJmQiBwOFlBSMV2xqVWU,Monthly Commitment
FAFvIo1DPZrqzBVyAIju,Block Ice,34000.0,11.72,2025-04-19,2900,rJmQiBwOFlBSMV2xqVWU,Monthly Commitment
FAFvIo1DPZrqzBVyAIju,Block Ice,37500.0,12.93,2025-04-20,2900,rJmQiBwOFlBSMV2xqVWU,Monthly Commitment
FAFvIo1DPZrqzBVyAIju,Block Ice,41000.0,14.14,2025-04-21,2900,rJmQiBwOFlBSMV2xqVWU,Monthly Commitment
FAFvIo1DPZrqzBVyAIju,Block Ice,37500.0,12.93,2025-04-22,2900,rJmQiBwOFlBSMV2xqVWU,Monthly Commitment
FAFvIo1DPZrqzBVyAIju,Block Ice,34000.0,11.72,2025-04-23,2900,rJmQiBwOFlBSMV2xqVWU,Monthly Commitment
FAFvIo1DPZrqzBVyAIju,Block Ice,34500.0,11.9,2025-04-24,2900,rJmQiBwOFlBSMV2xqVWU,Monthly Commitment
FAFvIo1DPZrqzBVyAIju,Block Ice,34000.0,11.72,2025-04-25,2900,rJmQiBwOFlBSMV2xqVWU,Monthly Commitment
FAFvIo1DPZrqzBVyAIju,Block Ice,37500.0,12.93,2025-04-26,2900,rJmQiBwOFlBSMV2xqVWU,Monthly Commitment
FAFvIo1DPZrqzBVyAIju,Block Ice,30500.0,10.52,2025-04-27,2900,rJmQiBwOFlBSMV2xqVWU,Monthly Commitment
FAFvIo1DPZrqzBVyAIju,Block Ice,41000.0,14.14,2025-04-28,2900,rJmQiBwOFlBSMV2xqVWU,Monthly Commitment
FAFvIo1DPZrqzBVyAIju,Block Ice,37500.0,12.93,2025-04-29,2900,rJmQiBwOFlBSMV2xqVWU,Monthly Commitment
FAFvIo1DPZrqzBVyAIju,Block Ice,37500.0,12.93,2025-04-30,2900,rJmQiBwOFlBSMV2xqVWU,Monthly Commitment
FAFvIo1DPZrqzBVyAIju,Block Ice,155000.0,53.45,2005-04-01,2900,Kz0wYCTSR6vrdcSI1P2x,Staff
FAFvIo1DPZrqzBVyAIju,Block Ice,7000.0,2.41,2025-04-03,2900,Kz0wYCTSR6vrdcSI1P2x,Staff
FAFvIo1DPZrqzBVyAIju,Block Ice,5000.0,1.72,2025-04-04,2900,Kz0wYCTSR6vrdcSI1P2x,Staff
FAFvIo1DPZrqzBVyAIju,Block Ice,5000.0,1.72,2025-04-05,2900,Kz0wYCTSR6vrdcSI1P2x,Staff
FAFvIo1DPZrqzBVyAIju,Block Ice,7000.0,2.41,2025-04-06,2900,Kz0wYCTSR6vrdcSI1P2x,Staff
FAFvIo1DPZrqzBVyAIju,Block Ice,7000.0,2.41,2025-04-07,2900,Kz0wYCTSR6vrdcSI1P2x,Staff
FAFvIo1DPZrqzBVyAIju,Block Ice,7000.0,2.41,2025-04-08,2900,Kz0wYCTSR6vrdcSI1P2x,Staff
FAFvIo1DPZrqzBVyAIju,Block Ice,7000.0,2.41,2025-04-09,2900,Kz0wYCTSR6vrdcSI1P2x,Staff
FAFvIo1DPZrqzBVyAIju,Block Ice,10500.0,3.62,2025-04-10,2900,Kz0wYCTSR6vrdcSI1P2x,Staff
FAFvIo1DPZrqzBVyAIju,Block Ice,7000.0,2.41,2025-04-11,2900,Kz0wYCTSR6vrdcSI1P2x,Staff
FAFvIo1DPZrqzBVyAIju,Block Ice,7000.0,2.41,2025-04-12,2900,Kz0wYCTSR6vrdcSI1P2x,Staff
FAFvIo1DPZrqzBVyAIju,Block Ice,7000.0,2.41,2025-04-13,2900,Kz0wYCTSR6vrdcSI1P2x,Staff
FAFvIo1DPZrqzBVyAIju,Block Ice,7000.0,2.41,2025-04-14,2900,Kz0wYCTSR6vrdcSI1P2x,Staff
FAFvIo1DPZrqzBVyAIju,Block Ice,7000.0,2.41,2025-04-15,2900,Kz0wYCTSR6vrdcSI1P2x,Staff
FAFvIo1DPZrqzBVyAIju,Block Ice,7000.0,2.41,2025-04-16,2900,Kz0wYCTSR6vrdcSI1P2x,Staff
FAFvIo1DPZrqzBVyAIju,Block Ice,57000.0,19.66,2025-04-18,2900,Kz0wYCTSR6vrdcSI1P2x,Staff
FAFvIo1DPZrqzBVyAIju,Block Ice,7000.0,2.41,2025-04-19,2900,Kz0wYCTSR6vrdcSI1P2x,Staff
FAFvIo1DPZrqzBVyAIju,Block Ice,7000.0,2.41,2025-04-20,2900,Kz0wYCTSR6vrdcSI1P2x,Staff
FAFvIo1DPZrqzBVyAIju,Block Ice,7000.0,2.41,2025-04-21,2900,Kz0wYCTSR6vrdcSI1P2x,Staff
FAFvIo1DPZrqzBVyAIju,Block Ice,7000.0,2.41,2025-04-22,2900,Kz0wYCTSR6vrdcSI1P2x,Staff
FAFvIo1DPZrqzBVyAIju,Block Ice,5000.0,1.72,2025-04-24,2900,Kz0wYCTSR6vrdcSI1P2x,Staff
FAFvIo1DPZrqzBVyAIju,Block Ice,7000.0,2.41,2025-04-25,2900,Kz0wYCTSR6vrdcSI1P2x,Staff
FAFvIo1DPZrqzBVyAIju,Block Ice,7000.0,2.41,2025-04-26,2900,Kz0wYCTSR6vrdcSI1P2x,Staff
FAFvIo1DPZrqzBVyAIju,Block Ice,7000.0,2.41,2025-04-27,2900,Kz0wYCTSR6vrdcSI1P2x,Staff
FAFvIo1DPZrqzBVyAIju,Block Ice,7000.0,2.41,2025-04-28,2900,Kz0wYCTSR6vrdcSI1P2x,Staff
FAFvIo1DPZrqzBVyAIju,Block Ice,7000.0,2.41,2025-04-29,2900,Kz0wYCTSR6vrdcSI1P2x,Staff
FAFvIo1DPZrqzBVyAIju,Block Ice,7000.0,2.41,2025-04-30,2900,Kz0wYCTSR6vrdcSI1P2x,Staff
FAFvIo1DPZrqzBVyAIju,Block Ice,72500.0,25.0,2025-04-04,2900,K94oRU4tnZ5H29EYT0p2,Tax Charges
FAFvIo1DPZrqzBVyAIju,Block Ice,282500.0,97.41,2025-04-10,2900,K94oRU4tnZ5H29EYT0p2,Tax Charges
FAFvIo1DPZrqzBVyAIju,Block Ice,150000.0,51.72,2025-04-14,2900,K94oRU4tnZ5H29EYT0p2,Tax Charges
FAFvIo1DPZrqzBVyAIju,Block Ice,225000.0,77.59,2005-04-01,2900,GuB4Y1lggUzAbXiuNipL,Generator Fuel
FAFvIo1DPZrqzBVyAIju,Block Ice,375000.0,129.31,2005-04-02,2900,GuB4Y1lggUzAbXiuNipL,Generator Fuel
FAFvIo1DPZrqzBVyAIju,Block Ice,150000.0,51.72,2025-04-03,2900,GuB4Y1lggUzAbXiuNipL,Generator Fuel
FAFvIo1DPZrqzBVyAIju,Block Ice,75000.0,25.86,2025-04-04,2900,GuB4Y1lggUzAbXiuNipL,Generator Fuel
FAFvIo1DPZrqzBVyAIju,Block Ice,75000.0,25.86,2025-04-08,2900,GuB4Y1lggUzAbXiuNipL,Generator Fuel
FAFvIo1DPZrqzBVyAIju,Block Ice,75000.0,25.86,2025-04-09,2900,GuB4Y1lggUzAbXiuNipL,Generator Fuel
FAFvIo1DPZrqzBVyAIju,Block Ice,75000.0,25.86,2025-04-10,2900,GuB4Y1lggUzAbXiuNipL,Generator Fuel
FAFvIo1DPZrqzBVyAIju,Block Ice,150000.0,51.72,2025-04-11,2900,GuB4Y1lggUzAbXiuNipL,Generator Fuel
FAFvIo1DPZrqzBVyAIju,Block Ice,225000.0,77.59,2025-04-13,2900,GuB4Y1lggUzAbXiuNipL,Generator Fuel
FAFvIo1DPZrqzBVyAIju,Block Ice,75000.0,25.86,2025-04-14,2900,GuB4Y1lggUzAbXiuNipL,Generator Fuel
FAFvIo1DPZrqzBVyAIju,Block Ice,150000.0,51.72,2025-04-16,2900,GuB4Y1lggUzAbXiuNipL,Generator Fuel
FAFvIo1DPZrqzBVyAIju,Block Ice,75000.0,25.86,2025-04-17,2900,GuB4Y1lggUzAbXiuNipL,Generator Fuel
FAFvIo1DPZrqzBVyAIju,Block Ice,75000.0,25.86,2025-04-23,2900,GuB4Y1lggUzAbXiuNipL,Generator Fuel
FAFvIo1DPZrqzBVyAIju,Block Ice,78000.0,26.9,2025-04-27,2900,GuB4Y1lggUzAbXiuNipL,Generator Fuel
FAFvIo1DPZrqzBVyAIju,Block Ice,167500.0,57.76,2005-04-01,2900,T9xCRoYcemSHcQq2wu8o,Rolling Equipment
FAFvIo1DPZrqzBVyAIju,Block Ice,73000.0,25.17,2025-04-03,2900,T9xCRoYcemSHcQq2wu8o,Rolling Equipment
FAFvIo1DPZrqzBVyAIju,Block Ice,17500.0,6.03,2025-04-04,2900,T9xCRoYcemSHcQq2wu8o,Rolling Equipment
FAFvIo1DPZrqzBVyAIju,Block Ice,77500.0,26.72,2025-04-05,2900,T9xCRoYcemSHcQq2wu8o,Rolling Equipment
FAFvIo1DPZrqzBVyAIju,Block Ice,60000.0,20.69,2025-04-06,2900,T9xCRoYcemSHcQq2wu8o,Rolling Equipment
FAFvIo1DPZrqzBVyAIju,Block Ice,60000.0,20.69,2025-04-07,2900,T9xCRoYcemSHcQq2wu8o,Rolling Equipment
FAFvIo1DPZrqzBVyAIju,Block Ice,107500.0,37.07,2025-04-08,2900,T9xCRoYcemSHcQq2wu8o,Rolling Equipment
FAFvIo1DPZrqzBVyAIju,Block Ice,113500.0,39.14,2025-04-09,2900,T9xCRoYcemSHcQq2wu8o,Rolling Equipment
FAFvIo1DPZrqzBVyAIju,Block Ice,23500.0,8.1,2025-04-10,2900,T9xCRoYcemSHcQq2wu8o,Rolling Equipment
FAFvIo1DPZrqzBVyAIju,Block Ice,38500.0,13.28,2025-04-12,2900,T9xCRoYcemSHcQq2wu8o,Rolling Equipment
FAFvIo1DPZrqzBVyAIju,Block Ice,60000.0,20.69,2025-04-13,2900,T9xCRoYcemSHcQq2wu8o,Rolling Equipment
FAFvIo1DPZrqzBVyAIju,Block Ice,107500.0,37.07,2025-04-15,2900,T9xCRoYcemSHcQq2wu8o,Rolling Equipment
FAFvIo1DPZrqzBVyAIju,Block Ice,107500.0,37.07,2025-04-16,2900,T9xCRoYcemSHcQq2wu8o,Rolling Equipment
FAFvIo1DPZrqzBVyAIju,Block Ice,132000.0,45.52,2025-04-17,2900,T9xCRoYcemSHcQq2wu8o,Rolling Equipment
FAFvIo1DPZrqzBVyAIju,Block Ice,60000.0,20.69,2025-04-18,2900,T9xCRoYcemSHcQq2wu8o,Rolling Equipment
FAFvIo1DPZrqzBVyAIju,Block Ice,150000.0,51.72,2025-04-19,2900,T9xCRoYcemSHcQq2wu8o,Rolling Equipment
FAFvIo1DPZrqzBVyAIju,Block Ice,117500.0,40.52,2025-04-20,2900,T9xCRoYcemSHcQq2wu8o,Rolling Equipment
FAFvIo1DPZrqzBVyAIju,Block Ice,72000.0,24.83,2025-04-21,2900,T9xCRoYcemSHcQq2wu8o,Rolling Equipment
FAFvIo1DPZrqzBVyAIju,Block Ice,60000.0,20.69,2025-04-22,2900,T9xCRoYcemSHcQq2wu8o,Rolling Equipment
FAFvIo1DPZrqzBVyAIju,Block Ice,170500.0,58.79,2025-04-23,2900,T9xCRoYcemSHcQq2wu8o,Rolling Equipment
FAFvIo1DPZrqzBVyAIju,Block Ice,17500.0,6.03,2025-04-24,2900,T9xCRoYcemSHcQq2wu8o,Rolling Equipment
FAFvIo1DPZrqzBVyAIju,Block Ice,77500.0,26.72,2025-04-25,2900,T9xCRoYcemSHcQq2wu8o,Rolling Equipment
FAFvIo1DPZrqzBVyAIju,Block Ice,167500.0,57.76,2025-04-26,2900,T9xCRoYcemSHcQq2wu8o,Rolling Equipment
FAFvIo1DPZrqzBVyAIju,Block Ice,150000.0,51.72,2025-04-27,2900,T9xCRoYcemSHcQq2wu8o,Rolling Equipment
FAFvIo1DPZrqzBVyAIju,Block Ice,77500.0,26.72,2025-04-28,2900,T9xCRoYcemSHcQq2wu8o,Rolling Equipment
FAFvIo1DPZrqzBVyAIju,Block Ice,30500.0,10.52,2025-04-29,2900,T9xCRoYcemSHcQq2wu8o,Rolling Equipment
FAFvIo1DPZrqzBVyAIju,Block Ice,6000.0,2.07,2025-04-30,2900,T9xCRoYcemSHcQq2wu8o,Rolling Equipment
FAFvIo1DPZrqzBVyAIju,Block Ice,97000.0,33.45,2005-04-02,2900,xsNBbGxClX3PrQ3MCVNp,Maintenance & Repairs of Machines
FAFvIo1DPZrqzBVyAIju,Block Ice,69000.0,23.79,2025-04-03,2900,xsNBbGxClX3PrQ3MCVNp,Maintenance & Repairs of Machines
FAFvIo1DPZrqzBVyAIju,Block Ice,87000.0,30.0,2025-04-05,2900,xsNBbGxClX3PrQ3MCVNp,Maintenance & Repairs of Machines
FAFvIo1DPZrqzBVyAIju,Block Ice,69000.0,23.79,2025-04-06,2900,xsNBbGxClX3PrQ3MCVNp,Maintenance & Repairs of Machines
FAFvIo1DPZrqzBVyAIju,Block Ice,69000.0,23.79,2025-04-08,2900,xsNBbGxClX3PrQ3MCVNp,Maintenance & Repairs of Machines
FAFvIo1DPZrqzBVyAIju,Block Ice,129000.0,44.48,2025-04-11,2900,xsNBbGxClX3PrQ3MCVNp,Maintenance & Repairs of Machines
FAFvIo1DPZrqzBVyAIju,Block Ice,6000.0,2.07,2025-04-15,2900,xsNBbGxClX3PrQ3MCVNp,Maintenance & Repairs of Machines
FAFvIo1DPZrqzBVyAIju,Block Ice,16000.0,5.52,2025-04-16,2900,xsNBbGxClX3PrQ3MCVNp,Maintenance & Repairs of Machines
FAFvIo1DPZrqzBVyAIju,Block Ice,13000.0,4.48,2025-04-21,2900,xsNBbGxClX3PrQ3MCVNp,Maintenance & Repairs of Machines
FAFvIo1DPZrqzBVyAIju,Block Ice,8000.0,2.76,2025-04-22,2900,xsNBbGxClX3PrQ3MCVNp,Maintenance & Repairs of Machines
FAFvIo1DPZrqzBVyAIju,Block Ice,52500.0,18.1,2025-04-24,2900,xsNBbGxClX3PrQ3MCVNp,Maintenance & Repairs of Machines
FAFvIo1DPZrqzBVyAIju,Block Ice,99000.0,34.14,2025-04-25,2900,xsNBbGxClX3PrQ3MCVNp,Maintenance & Repairs of Machines
FAFvIo1DPZrqzBVyAIju,Block Ice,10000.0,3.45,2025-04-26,2900,xsNBbGxClX3PrQ3MCVNp,Maintenance & Repairs of Machines
FAFvIo1DPZrqzBVyAIju,Block Ice,40000.0,13.79,2025-04-28,2900,xsNBbGxClX3PrQ3MCVNp,Maintenance & Repairs of Machines
FAFvIo1DPZrqzBVyAIju,Block Ice,156000.0,53.79,2025-04-29,2900,xsNBbGxClX3PrQ3MCVNp,Maintenance & Repairs of Machines
FAFvIo1DPZrqzBVyAIju,Block Ice,2000.0,0.69,2005-04-01,2900,imVuQbhtYp1jQn2bygzu,Maintenance & Repairs of Rolling Equipment
FAFvIo1DPZrqzBVyAIju,Block Ice,5000.0,1.72,2005-04-02,2900,imVuQbhtYp1jQn2bygzu,Maintenance & Repairs of Rolling Equipment
FAFvIo1DPZrqzBVyAIju,Block Ice,3000.0,1.03,2025-04-03,2900,imVuQbhtYp1jQn2bygzu,Maintenance & Repairs of Rolling Equipment
FAFvIo1DPZrqzBVyAIju,Block Ice,3000.0,1.03,2025-04-04,2900,imVuQbhtYp1jQn2bygzu,Maintenance & Repairs of Rolling Equipment
FAFvIo1DPZrqzBVyAIju,Block Ice,19000.0,6.55,2025-04-05,2900,imVuQbhtYp1jQn2bygzu,Maintenance & Repairs of Rolling Equipment
FAFvIo1DPZrqzBVyAIju,Block Ice,19000.0,6.55,2025-04-06,2900,imVuQbhtYp1jQn2bygzu,Maintenance & Repairs of Rolling Equipment
FAFvIo1DPZrqzBVyAIju,Block Ice,19000.0,6.55,2025-04-07,2900,imVuQbhtYp1jQn2bygzu,Maintenance & Repairs of Rolling Equipment
FAFvIo1DPZrqzBVyAIju,Block Ice,87500.0,30.17,2025-04-08,2900,imVuQbhtYp1jQn2bygzu,Maintenance & Repairs of Rolling Equipment
FAFvIo1DPZrqzBVyAIju,Block Ice,45000.0,15.52,2025-04-14,2900,imVuQbhtYp1jQn2bygzu,Maintenance & Repairs of Rolling Equipment
FAFvIo1DPZrqzBVyAIju,Block Ice,5000.0,1.72,2025-04-17,2900,imVuQbhtYp1jQn2bygzu,Maintenance & Repairs of Rolling Equipment
FAFvIo1DPZrqzBVyAIju,Block Ice,206000.0,71.03,2025-04-20,2900,imVuQbhtYp1jQn2bygzu,Maintenance & Repairs of Rolling Equipment
FAFvIo1DPZrqzBVyAIju,Block Ice,116000.0,40.0,2025-04-25,2900,imVuQbhtYp1jQn2bygzu,Maintenance & Repairs of Rolling Equipment
FAFvIo1DPZrqzBVyAIju,Block Ice,113000.0,38.97,2025-04-28,2900,imVuQbhtYp1jQn2bygzu,Maintenance & Repairs of Rolling Equipment
FAFvIo1DPZrqzBVyAIju,Block Ice,105000.0,36.21,2025-04-29,2900,imVuQbhtYp1jQn2bygzu,Maintenance & Repairs of Rolling Equipment
FAFvIo1DPZrqzBVyAIju,Block Ice,50000.0,17.24,2025-04-08,2900,Sbc3x4M66D1f5uc6qfLm,Medical Care
FAFvIo1DPZrqzBVyAIju,Block Ice,43500.0,15.0,2005-04-01,2900,Q13wfciYwm1ExhDF212r,Miscellaneous Expenses
FAFvIo1DPZrqzBVyAIju,Block Ice,12000.0,4.14,2005-04-02,2900,Q13wfciYwm1ExhDF212r,Miscellaneous Expenses
FAFvIo1DPZrqzBVyAIju,Block Ice,30000.0,10.34,2025-04-03,2900,Q13wfciYwm1ExhDF212r,Miscellaneous Expenses
FAFvIo1DPZrqzBVyAIju,Block Ice,14500.0,5.0,2025-04-04,2900,Q13wfciYwm1ExhDF212r,Miscellaneous Expenses
FAFvIo1DPZrqzBVyAIju,Block Ice,40000.0,13.79,2025-04-05,2900,Q13wfciYwm1ExhDF212r,Miscellaneous Expenses
FAFvIo1DPZrqzBVyAIju,Block Ice,7000.0,2.41,2025-04-06,2900,Q13wfciYwm1ExhDF212r,Miscellaneous Expenses
FAFvIo1DPZrqzBVyAIju,Block Ice,231400.0,79.79,2025-04-07,2900,Q13wfciYwm1ExhDF212r,Miscellaneous Expenses
FAFvIo1DPZrqzBVyAIju,Block Ice,26000.0,8.97,2025-04-08,2900,Q13wfciYwm1ExhDF212r,Miscellaneous Expenses
FAFvIo1DPZrqzBVyAIju,Block Ice,24500.0,8.45,2025-04-09,2900,Q13wfciYwm1ExhDF212r,Miscellaneous Expenses
FAFvIo1DPZrqzBVyAIju,Block Ice,58000.0,20.0,2025-04-10,2900,Q13wfciYwm1ExhDF212r,Miscellaneous Expenses
FAFvIo1DPZrqzBVyAIju,Block Ice,49000.0,16.9,2025-04-11,2900,Q13wfciYwm1ExhDF212r,Miscellaneous Expenses
FAFvIo1DPZrqzBVyAIju,Block Ice,2000.0,0.69,2025-04-12,2900,Q13wfciYwm1ExhDF212r,Miscellaneous Expenses
FAFvIo1DPZrqzBVyAIju,Block Ice,49000.0,16.9,2025-04-13,2900,Q13wfciYwm1ExhDF212r,Miscellaneous Expenses
FAFvIo1DPZrqzBVyAIju,Block Ice,47000.0,16.21,2025-04-14,2900,Q13wfciYwm1ExhDF212r,Miscellaneous Expenses
FAFvIo1DPZrqzBVyAIju,Block Ice,27000.0,9.31,2025-04-15,2900,Q13wfciYwm1ExhDF212r,Miscellaneous Expenses
FAFvIo1DPZrqzBVyAIju,Block Ice,53000.0,18.28,2025-04-16,2900,Q13wfciYwm1ExhDF212r,Miscellaneous Expenses
FAFvIo1DPZrqzBVyAIju,Block Ice,43000.0,14.83,2025-04-17,2900,Q13wfciYwm1ExhDF212r,Miscellaneous Expenses
FAFvIo1DPZrqzBVyAIju,Block Ice,143000.0,49.31,2025-04-18,2900,Q13wfciYwm1ExhDF212r,Miscellaneous Expenses
FAFvIo1DPZrqzBVyAIju,Block Ice,111500.0,38.45,2025-04-19,2900,Q13wfciYwm1ExhDF212r,Miscellaneous Expenses
FAFvIo1DPZrqzBVyAIju,Block Ice,15000.0,5.17,2025-04-20,2900,Q13wfciYwm1ExhDF212r,Miscellaneous Expenses
FAFvIo1DPZrqzBVyAIju,Block Ice,15000.0,5.17,2025-04-21,2900,Q13wfciYwm1ExhDF212r,Miscellaneous Expenses
FAFvIo1DPZrqzBVyAIju,Block Ice,87000.0,30.0,2025-04-22,2900,Q13wfciYwm1ExhDF212r,Miscellaneous Expenses
FAFvIo1DPZrqzBVyAIju,Block Ice,8000.0,2.76,2025-04-23,2900,Q13wfciYwm1ExhDF212r,Miscellaneous Expenses
FAFvIo1DPZrqzBVyAIju,Block Ice,32500.0,11.21,2025-04-24,2900,Q13wfciYwm1ExhDF212r,Miscellaneous Expenses
FAFvIo1DPZrqzBVyAIju,Block Ice,5000.0,1.72,2025-04-25,2900,Q13wfciYwm1ExhDF212r,Miscellaneous Expenses
FAFvIo1DPZrqzBVyAIju,Block Ice,52000.0,17.93,2025-04-26,2900,Q13wfciYwm1ExhDF212r,Miscellaneous Expenses
FAFvIo1DPZrqzBVyAIju,Block Ice,35000.0,12.07,2025-04-27,2900,Q13wfciYwm1ExhDF212r,Miscellaneous Expenses
FAFvIo1DPZrqzBVyAIju,Block Ice,44000.0,15.17,2025-04-28,2900,Q13wfciYwm1ExhDF212r,Miscellaneous Expenses
FAFvIo1DPZrqzBVyAIju,Block Ice,56000.0,19.31,2025-04-29,2900,Q13wfciYwm1ExhDF212r,Miscellaneous Expenses
FAFvIo1DPZrqzBVyAIju,Block Ice,7500.0,2.59,2025-04-30,2900,Q13wfciYwm1ExhDF212r,Miscellaneous Expenses
FAFvIo1DPZrqzBVyAIju,Block Ice,36000.0,12.41,2025-05-01,2900,rJmQiBwOFlBSMV2xqVWU,Monthly Commitment
FAFvIo1DPZrqzBVyAIju,Block Ice,34000.0,11.72,2025-05-02,2900,rJmQiBwOFlBSMV2xqVWU,Monthly Commitment
FAFvIo1DPZrqzBVyAIju,Block Ice,34000.0,11.72,2025-05-03,2900,rJmQiBwOFlBSMV2xqVWU,Monthly Commitment
FAFvIo1DPZrqzBVyAIju,Block Ice,41000.0,14.14,2025-05-04,2900,rJmQiBwOFlBSMV2xqVWU,Monthly Commitment
FAFvIo1DPZrqzBVyAIju,Block Ice,37500.0,12.93,2025-05-05,2900,rJmQiBwOFlBSMV2xqVWU,Monthly Commitment
FAFvIo1DPZrqzBVyAIju,Block Ice,37500.0,12.93,2025-05-06,2900,rJmQiBwOFlBSMV2xqVWU,Monthly Commitment
FAFvIo1DPZrqzBVyAIju,Block Ice,37500.0,12.93,2025-05-07,2900,rJmQiBwOFlBSMV2xqVWU,Monthly Commitment
FAFvIo1DPZrqzBVyAIju,Block Ice,41000.0,14.14,2025-05-08,2900,rJmQiBwOFlBSMV2xqVWU,Monthly Commitment
FAFvIo1DPZrqzBVyAIju,Block Ice,37500.0,12.93,2025-05-09,2900,rJmQiBwOFlBSMV2xqVWU,Monthly Commitment
FAFvIo1DPZrqzBVyAIju,Block Ice,34000.0,11.72,2025-05-10,2900,rJmQiBwOFlBSMV2xqVWU,Monthly Commitment
FAFvIo1DPZrqzBVyAIju,Block Ice,23500.0,8.1,2025-05-11,2900,rJmQiBwOFlBSMV2xqVWU,Monthly Commitment
FAFvIo1DPZrqzBVyAIju,Block Ice,41000.0,14.14,2025-05-12,2900,rJmQiBwOFlBSMV2xqVWU,Monthly Commitment
FAFvIo1DPZrqzBVyAIju,Block Ice,34000.0,11.72,2025-05-13,2900,rJmQiBwOFlBSMV2xqVWU,Monthly Commitment
FAFvIo1DPZrqzBVyAIju,Block Ice,34000.0,11.72,2025-05-14,2900,rJmQiBwOFlBSMV2xqVWU,Monthly Commitment
FAFvIo1DPZrqzBVyAIju,Block Ice,41000.0,14.14,2025-05-15,2900,rJmQiBwOFlBSMV2xqVWU,Monthly Commitment
FAFvIo1DPZrqzBVyAIju,Block Ice,30500.0,10.52,2025-05-16,2900,rJmQiBwOFlBSMV2xqVWU,Monthly Commitment
FAFvIo1DPZrqzBVyAIju,Block Ice,27000.0,9.31,2025-05-17,2900,rJmQiBwOFlBSMV2xqVWU,Monthly Commitment
FAFvIo1DPZrqzBVyAIju,Block Ice,37500.0,12.93,2025-05-18,2900,rJmQiBwOFlBSMV2xqVWU,Monthly Commitment
FAFvIo1DPZrqzBVyAIju,Block Ice,37500.0,12.93,2025-06-19,2900,rJmQiBwOFlBSMV2xqVWU,Monthly Commitment
FAFvIo1DPZrqzBVyAIju,Block Ice,37500.0,12.93,2025-06-20,2900,rJmQiBwOFlBSMV2xqVWU,Monthly Commitment
FAFvIo1DPZrqzBVyAIju,Block Ice,37500.0,12.93,2025-06-21,2900,rJmQiBwOFlBSMV2xqVWU,Monthly Commitment
FAFvIo1DPZrqzBVyAIju,Block Ice,37000.0,12.76,2025-06-22,2900,rJmQiBwOFlBSMV2xqVWU,Monthly Commitment
FAFvIo1DPZrqzBVyAIju,Block Ice,23500.0,8.1,2025-06-23,2900,rJmQiBwOFlBSMV2xqVWU,Monthly Commitment
FAFvIo1DPZrqzBVyAIju,Block Ice,27000.0,9.31,2025-06-24,2900,rJmQiBwOFlBSMV2xqVWU,Monthly Commitment
FAFvIo1DPZrqzBVyAIju,Block Ice,21500.0,7.41,2025-06-25,2900,rJmQiBwOFlBSMV2xqVWU,Monthly Commitment
FAFvIo1DPZrqzBVyAIju,Block Ice,37500.0,12.93,2025-06-26,2900,rJmQiBwOFlBSMV2xqVWU,Monthly Commitment
FAFvIo1DPZrqzBVyAIju,Block Ice,37500.0,12.93,2025-06-27,2900,rJmQiBwOFlBSMV2xqVWU,Monthly Commitment
FAFvIo1DPZrqzBVyAIju,Block Ice,39000.0,13.45,2025-06-28,2900,rJmQiBwOFlBSMV2xqVWU,Monthly Commitment
FAFvIo1DPZrqzBVyAIju,Block Ice,34000.0,11.72,2025-06-29,2900,rJmQiBwOFlBSMV2xqVWU,Monthly Commitment
FAFvIo1DPZrqzBVyAIju,Block Ice,27000.0,9.31,2025-06-30,2900,rJmQiBwOFlBSMV2xqVWU,Monthly Commitment
FAFvIo1DPZrqzBVyAIju,Block Ice,27000.0,9.31,2025-05-31,2900,rJmQiBwOFlBSMV2xqVWU,Monthly Commitment
FAFvIo1DPZrqzBVyAIju,Block Ice,7000.0,2.41,2025-05-01,2900,Kz0wYCTSR6vrdcSI1P2x,Staff
FAFvIo1DPZrqzBVyAIju,Block Ice,7000.0,2.41,2025-05-03,2900,Kz0wYCTSR6vrdcSI1P2x,Staff
FAFvIo1DPZrqzBVyAIju,Block Ice,7000.0,2.41,2025-05-04,2900,Kz0wYCTSR6vrdcSI1P2x,Staff
FAFvIo1DPZrqzBVyAIju,Block Ice,7000.0,2.41,2025-05-05,2900,Kz0wYCTSR6vrdcSI1P2x,Staff
FAFvIo1DPZrqzBVyAIju,Block Ice,7000.0,2.41,2025-05-06,2900,Kz0wYCTSR6vrdcSI1P2x,Staff
FAFvIo1DPZrqzBVyAIju,Block Ice,7000.0,2.41,2025-05-07,2900,Kz0wYCTSR6vrdcSI1P2x,Staff
FAFvIo1DPZrqzBVyAIju,Block Ice,7000.0,2.41,2025-05-08,2900,Kz0wYCTSR6vrdcSI1P2x,Staff
FAFvIo1DPZrqzBVyAIju,Block Ice,7000.0,2.41,2025-05-09,2900,Kz0wYCTSR6vrdcSI1P2x,Staff
FAFvIo1DPZrqzBVyAIju,Block Ice,7000.0,2.41,2025-05-10,2900,Kz0wYCTSR6vrdcSI1P2x,Staff
FAFvIo1DPZrqzBVyAIju,Block Ice,57000.0,19.66,2025-05-11,2900,Kz0wYCTSR6vrdcSI1P2x,Staff
FAFvIo1DPZrqzBVyAIju,Block Ice,7000.0,2.41,2025-05-18,2900,Kz0wYCTSR6vrdcSI1P2x,Staff
FAFvIo1DPZrqzBVyAIju,Block Ice,7000.0,2.41,2025-06-19,2900,Kz0wYCTSR6vrdcSI1P2x,Staff
FAFvIo1DPZrqzBVyAIju,Block Ice,7000.0,2.41,2025-06-20,2900,Kz0wYCTSR6vrdcSI1P2x,Staff
FAFvIo1DPZrqzBVyAIju,Block Ice,7000.0,2.41,2025-06-22,2900,Kz0wYCTSR6vrdcSI1P2x,Staff
FAFvIo1DPZrqzBVyAIju,Block Ice,7000.0,2.41,2025-06-23,2900,Kz0wYCTSR6vrdcSI1P2x,Staff
FAFvIo1DPZrqzBVyAIju,Block Ice,7000.0,2.41,2025-06-24,2900,Kz0wYCTSR6vrdcSI1P2x,Staff
FAFvIo1DPZrqzBVyAIju,Block Ice,7000.0,2.41,2025-06-27,2900,Kz0wYCTSR6vrdcSI1P2x,Staff
FAFvIo1DPZrqzBVyAIju,Block Ice,7000.0,2.41,2025-06-28,2900,Kz0wYCTSR6vrdcSI1P2x,Staff
FAFvIo1DPZrqzBVyAIju,Block Ice,720000.0,248.28,2025-06-29,2900,Kz0wYCTSR6vrdcSI1P2x,Staff
FAFvIo1DPZrqzBVyAIju,Block Ice,7000.0,2.41,2025-06-30,2900,Kz0wYCTSR6vrdcSI1P2x,Staff
FAFvIo1DPZrqzBVyAIju,Block Ice,672000.0,231.72,2025-05-31,2900,Kz0wYCTSR6vrdcSI1P2x,Staff
FAFvIo1DPZrqzBVyAIju,Block Ice,98500.0,33.97,2025-05-06,2900,K94oRU4tnZ5H29EYT0p2,Tax Charges
FAFvIo1DPZrqzBVyAIju,Block Ice,132500.0,45.69,2025-05-15,2900,K94oRU4tnZ5H29EYT0p2,Tax Charges
FAFvIo1DPZrqzBVyAIju,Block Ice,580000.0,200.0,2025-06-19,2900,K94oRU4tnZ5H29EYT0p2,Tax Charges
FAFvIo1DPZrqzBVyAIju,Block Ice,75000.0,25.86,2025-05-01,2900,GuB4Y1lggUzAbXiuNipL,Generator Fuel
FAFvIo1DPZrqzBVyAIju,Block Ice,75000.0,25.86,2025-05-03,2900,GuB4Y1lggUzAbXiuNipL,Generator Fuel
FAFvIo1DPZrqzBVyAIju,Block Ice,150000.0,51.72,2025-05-05,2900,GuB4Y1lggUzAbXiuNipL,Generator Fuel
FAFvIo1DPZrqzBVyAIju,Block Ice,75000.0,25.86,2025-05-06,2900,GuB4Y1lggUzAbXiuNipL,Generator Fuel
FAFvIo1DPZrqzBVyAIju,Block Ice,75000.0,25.86,2025-05-07,2900,GuB4Y1lggUzAbXiuNipL,Generator Fuel
FAFvIo1DPZrqzBVyAIju,Block Ice,75000.0,25.86,2025-05-09,2900,GuB4Y1lggUzAbXiuNipL,Generator Fuel
FAFvIo1DPZrqzBVyAIju,Block Ice,75000.0,25.86,2025-05-11,2900,GuB4Y1lggUzAbXiuNipL,Generator Fuel
FAFvIo1DPZrqzBVyAIju,Block Ice,150000.0,51.72,2025-05-12,2900,GuB4Y1lggUzAbXiuNipL,Generator Fuel
FAFvIo1DPZrqzBVyAIju,Block Ice,75000.0,25.86,2025-05-13,2900,GuB4Y1lggUzAbXiuNipL,Generator Fuel
FAFvIo1DPZrqzBVyAIju,Block Ice,279500.0,96.38,2025-05-14,2900,GuB4Y1lggUzAbXiuNipL,Generator Fuel
FAFvIo1DPZrqzBVyAIju,Block Ice,75000.0,25.86,2025-05-17,2900,GuB4Y1lggUzAbXiuNipL,Generator Fuel
FAFvIo1DPZrqzBVyAIju,Block Ice,150000.0,51.72,2025-06-20,2900,GuB4Y1lggUzAbXiuNipL,Generator Fuel
FAFvIo1DPZrqzBVyAIju,Block Ice,75000.0,25.86,2025-06-21,2900,GuB4Y1lggUzAbXiuNipL,Generator Fuel
FAFvIo1DPZrqzBVyAIju,Block Ice,75000.0,25.86,2025-06-22,2900,GuB4Y1lggUzAbXiuNipL,Generator Fuel
FAFvIo1DPZrqzBVyAIju,Block Ice,150000.0,51.72,2025-06-23,2900,GuB4Y1lggUzAbXiuNipL,Generator Fuel
FAFvIo1DPZrqzBVyAIju,Block Ice,239000.0,82.41,2025-06-24,2900,GuB4Y1lggUzAbXiuNipL,Generator Fuel
FAFvIo1DPZrqzBVyAIju,Block Ice,228000.0,78.62,2025-06-25,2900,GuB4Y1lggUzAbXiuNipL,Generator Fuel
FAFvIo1DPZrqzBVyAIju,Block Ice,75000.0,25.86,2025-06-28,2900,GuB4Y1lggUzAbXiuNipL,Generator Fuel
FAFvIo1DPZrqzBVyAIju,Block Ice,75000.0,25.86,2025-06-29,2900,GuB4Y1lggUzAbXiuNipL,Generator Fuel
FAFvIo1DPZrqzBVyAIju,Block Ice,150000.0,51.72,2025-06-30,2900,GuB4Y1lggUzAbXiuNipL,Generator Fuel
FAFvIo1DPZrqzBVyAIju,Block Ice,225000.0,77.59,2025-05-31,2900,GuB4Y1lggUzAbXiuNipL,Generator Fuel
FAFvIo1DPZrqzBVyAIju,Block Ice,150000.0,51.72,2025-05-01,2900,T9xCRoYcemSHcQq2wu8o,Rolling Equipment
FAFvIo1DPZrqzBVyAIju,Block Ice,150000.0,51.72,2025-05-02,2900,T9xCRoYcemSHcQq2wu8o,Rolling Equipment
FAFvIo1DPZrqzBVyAIju,Block Ice,167500.0,57.76,2025-05-03,2900,T9xCRoYcemSHcQq2wu8o,Rolling Equipment
FAFvIo1DPZrqzBVyAIju,Block Ice,60000.0,20.69,2025-05-04,2900,T9xCRoYcemSHcQq2wu8o,Rolling Equipment
FAFvIo1DPZrqzBVyAIju,Block Ice,77500.0,26.72,2025-05-06,2900,T9xCRoYcemSHcQq2wu8o,Rolling Equipment
FAFvIo1DPZrqzBVyAIju,Block Ice,60000.0,20.69,2025-05-07,2900,T9xCRoYcemSHcQq2wu8o,Rolling Equipment
FAFvIo1DPZrqzBVyAIju,Block Ice,150000.0,51.72,2025-05-08,2900,T9xCRoYcemSHcQq2wu8o,Rolling Equipment
FAFvIo1DPZrqzBVyAIju,Block Ice,167500.0,57.76,2025-05-09,2900,T9xCRoYcemSHcQq2wu8o,Rolling Equipment
FAFvIo1DPZrqzBVyAIju,Block Ice,66000.0,22.76,2025-05-10,2900,T9xCRoYcemSHcQq2wu8o,Rolling Equipment
FAFvIo1DPZrqzBVyAIju,Block Ice,150000.0,51.72,2025-05-11,2900,T9xCRoYcemSHcQq2wu8o,Rolling Equipment
FAFvIo1DPZrqzBVyAIju,Block Ice,75000.0,25.86,2025-05-12,2900,T9xCRoYcemSHcQq2wu8o,Rolling Equipment
FAFvIo1DPZrqzBVyAIju,Block Ice,25000.0,8.62,2025-05-17,2900,T9xCRoYcemSHcQq2wu8o,Rolling Equipment
FAFvIo1DPZrqzBVyAIju,Block Ice,107500.0,37.07,2025-05-18,2900,T9xCRoYcemSHcQq2wu8o,Rolling Equipment
FAFvIo1DPZrqzBVyAIju,Block Ice,114500.0,39.48,2025-06-19,2900,T9xCRoYcemSHcQq2wu8o,Rolling Equipment
FAFvIo1DPZrqzBVyAIju,Block Ice,119500.0,41.21,2025-06-20,2900,T9xCRoYcemSHcQq2wu8o,Rolling Equipment
FAFvIo1DPZrqzBVyAIju,Block Ice,175000.0,60.34,2025-06-21,2900,T9xCRoYcemSHcQq2wu8o,Rolling Equipment
FAFvIo1DPZrqzBVyAIju,Block Ice,90000.0,31.03,2025-06-22,2900,T9xCRoYcemSHcQq2wu8o,Rolling Equipment
FAFvIo1DPZrqzBVyAIju,Block Ice,107500.0,37.07,2025-06-23,2900,T9xCRoYcemSHcQq2wu8o,Rolling Equipment
FAFvIo1DPZrqzBVyAIju,Block Ice,105000.0,36.21,2025-06-26,2900,T9xCRoYcemSHcQq2wu8o,Rolling Equipment
FAFvIo1DPZrqzBVyAIju,Block Ice,105000.0,36.21,2025-06-27,2900,T9xCRoYcemSHcQq2wu8o,Rolling Equipment
FAFvIo1DPZrqzBVyAIju,Block Ice,60000.0,20.69,2025-06-28,2900,T9xCRoYcemSHcQq2wu8o,Rolling Equipment
FAFvIo1DPZrqzBVyAIju,Block Ice,17500.0,6.03,2025-06-29,2900,T9xCRoYcemSHcQq2wu8o,Rolling Equipment
FAFvIo1DPZrqzBVyAIju,Block Ice,60000.0,20.69,2025-06-30,2900,T9xCRoYcemSHcQq2wu8o,Rolling Equipment
FAFvIo1DPZrqzBVyAIju,Block Ice,90000.0,31.03,2025-05-31,2900,T9xCRoYcemSHcQq2wu8o,Rolling Equipment
FAFvIo1DPZrqzBVyAIju,Block Ice,146000.0,50.34,2025-05-02,2900,xsNBbGxClX3PrQ3MCVNp,Maintenance & Repairs of Machines
FAFvIo1DPZrqzBVyAIju,Block Ice,36000.0,12.41,2025-05-03,2900,xsNBbGxClX3PrQ3MCVNp,Maintenance & Repairs of Machines
FAFvIo1DPZrqzBVyAIju,Block Ice,55000.0,18.97,2025-05-05,2900,xsNBbGxClX3PrQ3MCVNp,Maintenance & Repairs of Machines
FAFvIo1DPZrqzBVyAIju,Block Ice,15000.0,5.17,2025-05-06,2900,xsNBbGxClX3PrQ3MCVNp,Maintenance & Repairs of Machines
FAFvIo1DPZrqzBVyAIju,Block Ice,97000.0,33.45,2025-05-07,2900,xsNBbGxClX3PrQ3MCVNp,Maintenance & Repairs of Machines
FAFvIo1DPZrqzBVyAIju,Block Ice,69000.0,23.79,2025-05-09,2900,xsNBbGxClX3PrQ3MCVNp,Maintenance & Repairs of Machines
FAFvIo1DPZrqzBVyAIju,Block Ice,80500.0,27.76,2025-05-13,2900,xsNBbGxClX3PrQ3MCVNp,Maintenance & Repairs of Machines
FAFvIo1DPZrqzBVyAIju,Block Ice,8000.0,2.76,2025-05-14,2900,xsNBbGxClX3PrQ3MCVNp,Maintenance & Repairs of Machines
FAFvIo1DPZrqzBVyAIju,Block Ice,4000.0,1.38,2025-05-15,2900,xsNBbGxClX3PrQ3MCVNp,Maintenance & Repairs of Machines
FAFvIo1DPZrqzBVyAIju,Block Ice,118000.0,40.69,2025-05-17,2900,xsNBbGxClX3PrQ3MCVNp,Maintenance & Repairs of Machines
FAFvIo1DPZrqzBVyAIju,Block Ice,120000.0,41.38,2025-06-19,2900,xsNBbGxClX3PrQ3MCVNp,Maintenance & Repairs of Machines
FAFvIo1DPZrqzBVyAIju,Block Ice,10000.0,3.45,2025-06-21,2900,xsNBbGxClX3PrQ3MCVNp,Maintenance & Repairs of Machines
FAFvIo1DPZrqzBVyAIju,Block Ice,2000.0,0.69,2025-06-22,2900,xsNBbGxClX3PrQ3MCVNp,Maintenance & Repairs of Machines
FAFvIo1DPZrqzBVyAIju,Block Ice,87000.0,30.0,2025-06-26,2900,xsNBbGxClX3PrQ3MCVNp,Maintenance & Repairs of Machines
FAFvIo1DPZrqzBVyAIju,Block Ice,35000.0,12.07,2025-06-28,2900,xsNBbGxClX3PrQ3MCVNp,Maintenance & Repairs of Machines
FAFvIo1DPZrqzBVyAIju,Block Ice,48000.0,16.55,2025-06-30,2900,xsNBbGxClX3PrQ3MCVNp,Maintenance & Repairs of Machines
FAFvIo1DPZrqzBVyAIju,Block Ice,6000.0,2.07,2025-05-05,2900,imVuQbhtYp1jQn2bygzu,Maintenance & Repairs of Rolling Equipment
FAFvIo1DPZrqzBVyAIju,Block Ice,20000.0,6.9,2025-05-06,2900,imVuQbhtYp1jQn2bygzu,Maintenance & Repairs of Rolling Equipment
FAFvIo1DPZrqzBVyAIju,Block Ice,5000.0,1.72,2025-05-07,2900,imVuQbhtYp1jQn2bygzu,Maintenance & Repairs of Rolling Equipment
FAFvIo1DPZrqzBVyAIju,Block Ice,84000.0,28.97,2025-05-08,2900,imVuQbhtYp1jQn2bygzu,Maintenance & Repairs of Rolling Equipment
FAFvIo1DPZrqzBVyAIju,Block Ice,10000.0,3.45,2025-05-09,2900,imVuQbhtYp1jQn2bygzu,Maintenance & Repairs of Rolling Equipment
FAFvIo1DPZrqzBVyAIju,Block Ice,122000.0,42.07,2025-05-10,2900,imVuQbhtYp1jQn2bygzu,Maintenance & Repairs of Rolling Equipment
FAFvIo1DPZrqzBVyAIju,Block Ice,13000.0,4.48,2025-05-16,2900,imVuQbhtYp1jQn2bygzu,Maintenance & Repairs of Rolling Equipment
FAFvIo1DPZrqzBVyAIju,Block Ice,13000.0,4.48,2025-05-17,2900,imVuQbhtYp1jQn2bygzu,Maintenance & Repairs of Rolling Equipment
FAFvIo1DPZrqzBVyAIju,Block Ice,8000.0,2.76,2025-05-18,2900,imVuQbhtYp1jQn2bygzu,Maintenance & Repairs of Rolling Equipment
FAFvIo1DPZrqzBVyAIju,Block Ice,50000.0,17.24,2025-06-19,2900,imVuQbhtYp1jQn2bygzu,Maintenance & Repairs of Rolling Equipment
FAFvIo1DPZrqzBVyAIju,Block Ice,100000.0,34.48,2025-06-22,2900,imVuQbhtYp1jQn2bygzu,Maintenance & Repairs of Rolling Equipment
FAFvIo1DPZrqzBVyAIju,Block Ice,13000.0,4.48,2025-06-29,2900,imVuQbhtYp1jQn2bygzu,Maintenance & Repairs of Rolling Equipment
FAFvIo1DPZrqzBVyAIju,Block Ice,50000.0,17.24,2025-06-26,2900,Sbc3x4M66D1f5uc6qfLm,Medical Care
FAFvIo1DPZrqzBVyAIju,Block Ice,50000.0,17.24,2025-06-27,2900,Sbc3x4M66D1f5uc6qfLm,Medical Care
FAFvIo1DPZrqzBVyAIju,Block Ice,52000.0,17.93,2025-05-01,2900,Q13wfciYwm1ExhDF212r,Miscellaneous Expenses
FAFvIo1DPZrqzBVyAIju,Block Ice,22500.0,7.76,2025-05-02,2900,Q13wfciYwm1ExhDF212r,Miscellaneous Expenses
FAFvIo1DPZrqzBVyAIju,Block Ice,28000.0,9.66,2025-05-03,2900,Q13wfciYwm1ExhDF212r,Miscellaneous Expenses
FAFvIo1DPZrqzBVyAIju,Block Ice,15000.0,5.17,2025-05-04,2900,Q13wfciYwm1ExhDF212r,Miscellaneous Expenses
FAFvIo1DPZrqzBVyAIju,Block Ice,19000.0,6.55,2025-05-05,2900,Q13wfciYwm1ExhDF212r,Miscellaneous Expenses
FAFvIo1DPZrqzBVyAIju,Block Ice,13000.0,4.48,2025-05-06,2900,Q13wfciYwm1ExhDF212r,Miscellaneous Expenses
FAFvIo1DPZrqzBVyAIju,Block Ice,14000.0,4.83,2025-05-07,2900,Q13wfciYwm1ExhDF212r,Miscellaneous Expenses
FAFvIo1DPZrqzBVyAIju,Block Ice,36000.0,12.41,2025-05-08,2900,Q13wfciYwm1ExhDF212r,Miscellaneous Expenses
FAFvIo1DPZrqzBVyAIju,Block Ice,19000.0,6.55,2025-05-09,2900,Q13wfciYwm1ExhDF212r,Miscellaneous Expenses
FAFvIo1DPZrqzBVyAIju,Block Ice,40000.0,13.79,2025-05-10,2900,Q13wfciYwm1ExhDF212r,Miscellaneous Expenses
FAFvIo1DPZrqzBVyAIju,Block Ice,7000.0,2.41,2025-05-11,2900,Q13wfciYwm1ExhDF212r,Miscellaneous Expenses
FAFvIo1DPZrqzBVyAIju,Block Ice,40000.0,13.79,2025-05-12,2900,Q13wfciYwm1ExhDF212r,Miscellaneous Expenses
FAFvIo1DPZrqzBVyAIju,Block Ice,11000.0,3.79,2025-05-13,2900,Q13wfciYwm1ExhDF212r,Miscellaneous Expenses
FAFvIo1DPZrqzBVyAIju,Block Ice,16000.0,5.52,2025-05-14,2900,Q13wfciYwm1ExhDF212r,Miscellaneous Expenses
FAFvIo1DPZrqzBVyAIju,Block Ice,70000.0,24.14,2025-05-15,2900,Q13wfciYwm1ExhDF212r,Miscellaneous Expenses
FAFvIo1DPZrqzBVyAIju,Block Ice,35000.0,12.07,2025-05-16,2900,Q13wfciYwm1ExhDF212r,Miscellaneous Expenses
FAFvIo1DPZrqzBVyAIju,Block Ice,34500.0,11.9,2025-05-17,2900,Q13wfciYwm1ExhDF212r,Miscellaneous Expenses
FAFvIo1DPZrqzBVyAIju,Block Ice,29000.0,10.0,2025-05-18,2900,Q13wfciYwm1ExhDF212r,Miscellaneous Expenses
FAFvIo1DPZrqzBVyAIju,Block Ice,11000.0,3.79,2025-06-19,2900,Q13wfciYwm1ExhDF212r,Miscellaneous Expenses
FAFvIo1DPZrqzBVyAIju,Block Ice,22000.0,7.59,2025-06-20,2900,Q13wfciYwm1ExhDF212r,Miscellaneous Expenses
FAFvIo1DPZrqzBVyAIju,Block Ice,32000.0,11.03,2025-06-21,2900,Q13wfciYwm1ExhDF212r,Miscellaneous Expenses
FAFvIo1DPZrqzBVyAIju,Block Ice,35500.0,12.24,2025-06-22,2900,Q13wfciYwm1ExhDF212r,Miscellaneous Expenses
FAFvIo1DPZrqzBVyAIju,Block Ice,10000.0,3.45,2025-06-23,2900,Q13wfciYwm1ExhDF212r,Miscellaneous Expenses
FAFvIo1DPZrqzBVyAIju,Block Ice,32000.0,11.03,2025-06-24,2900,Q13wfciYwm1ExhDF212r,Miscellaneous Expenses
FAFvIo1DPZrqzBVyAIju,Block Ice,13000.0,4.48,2025-06-25,2900,Q13wfciYwm1ExhDF212r,Miscellaneous Expenses
FAFvIo1DPZrqzBVyAIju,Block Ice,90000.0,31.03,2025-06-26,2900,Q13wfciYwm1ExhDF212r,Miscellaneous Expenses
FAFvIo1DPZrqzBVyAIju,Block Ice,35000.0,12.07,2025-06-27,2900,Q13wfciYwm1ExhDF212r,Miscellaneous Expenses
FAFvIo1DPZrqzBVyAIju,Block Ice,45000.0,15.52,2025-06-28,2900,Q13wfciYwm1ExhDF212r,Miscellaneous Expenses
FAFvIo1DPZrqzBVyAIju,Block Ice,20000.0,6.9,2025-06-29,2900,Q13wfciYwm1ExhDF212r,Miscellaneous Expenses
FAFvIo1DPZrqzBVyAIju,Block Ice,48000.0,16.55,2025-06-30,2900,Q13wfciYwm1ExhDF212r,Miscellaneous Expenses
FAFvIo1DPZrqzBVyAIju,Block Ice,37000.0,12.76,2025-05-31,2900,Q13wfciYwm1ExhDF212r,Miscellaneous Expenses
FAFvIo1DPZrqzBVyAIju,Block Ice,34000.0,11.72,2025-06-01,2900,rJmQiBwOFlBSMV2xqVWU,Monthly Commitment
FAFvIo1DPZrqzBVyAIju,Block Ice,34000.0,11.72,2025-06-04,2900,rJmQiBwOFlBSMV2xqVWU,Monthly Commitment
FAFvIo1DPZrqzBVyAIju,Block Ice,34000.0,11.72,2025-06-05,2900,rJmQiBwOFlBSMV2xqVWU,Monthly Commitment
FAFvIo1DPZrqzBVyAIju,Block Ice,27000.0,9.31,2025-06-06,2900,rJmQiBwOFlBSMV2xqVWU,Monthly Commitment
FAFvIo1DPZrqzBVyAIju,Block Ice,27000.0,9.31,2025-06-07,2900,rJmQiBwOFlBSMV2xqVWU,Monthly Commitment
FAFvIo1DPZrqzBVyAIju,Block Ice,30500.0,10.52,2025-06-08,2900,rJmQiBwOFlBSMV2xqVWU,Monthly Commitment
FAFvIo1DPZrqzBVyAIju,Block Ice,37500.0,12.93,2025-06-09,2900,rJmQiBwOFlBSMV2xqVWU,Monthly Commitment
FAFvIo1DPZrqzBVyAIju,Block Ice,34000.0,11.72,2025-06-10,2900,rJmQiBwOFlBSMV2xqVWU,Monthly Commitment
FAFvIo1DPZrqzBVyAIju,Block Ice,347000.0,119.66,2025-06-01,2900,Kz0wYCTSR6vrdcSI1P2x,Staff
FAFvIo1DPZrqzBVyAIju,Block Ice,7000.0,2.41,2025-06-04,2900,Kz0wYCTSR6vrdcSI1P2x,Staff
FAFvIo1DPZrqzBVyAIju,Block Ice,370000.0,127.59,2025-06-05,2900,Kz0wYCTSR6vrdcSI1P2x,Staff
FAFvIo1DPZrqzBVyAIju,Block Ice,7000.0,2.41,2025-06-07,2900,Kz0wYCTSR6vrdcSI1P2x,Staff
FAFvIo1DPZrqzBVyAIju,Block Ice,377000.0,130.0,2025-06-08,2900,Kz0wYCTSR6vrdcSI1P2x,Staff
FAFvIo1DPZrqzBVyAIju,Block Ice,407000.0,140.34,2025-06-09,2900,Kz0wYCTSR6vrdcSI1P2x,Staff
FAFvIo1DPZrqzBVyAIju,Block Ice,375000.0,129.31,2025-06-10,2900,Kz0wYCTSR6vrdcSI1P2x,Staff
FAFvIo1DPZrqzBVyAIju,Block Ice,75000.0,25.86,2025-06-01,2900,GuB4Y1lggUzAbXiuNipL,Generator Fuel
FAFvIo1DPZrqzBVyAIju,Block Ice,156000.0,53.79,2025-06-04,2900,GuB4Y1lggUzAbXiuNipL,Generator Fuel
FAFvIo1DPZrqzBVyAIju,Block Ice,150000.0,51.72,2025-06-06,2900,GuB4Y1lggUzAbXiuNipL,Generator Fuel
FAFvIo1DPZrqzBVyAIju,Block Ice,75000.0,25.86,2025-06-07,2900,GuB4Y1lggUzAbXiuNipL,Generator Fuel
FAFvIo1DPZrqzBVyAIju,Block Ice,75000.0,25.86,2025-06-08,2900,GuB4Y1lggUzAbXiuNipL,Generator Fuel
FAFvIo1DPZrqzBVyAIju,Block Ice,150000.0,51.72,2025-06-09,2900,GuB4Y1lggUzAbXiuNipL,Generator Fuel
FAFvIo1DPZrqzBVyAIju,Block Ice,75000.0,25.86,2025-06-10,2900,GuB4Y1lggUzAbXiuNipL,Generator Fuel
FAFvIo1DPZrqzBVyAIju,Block Ice,90000.0,31.03,2025-06-01,2900,T9xCRoYcemSHcQq2wu8o,Rolling Equipment
FAFvIo1DPZrqzBVyAIju,Block Ice,105000.0,36.21,2025-06-07,2900,T9xCRoYcemSHcQq2wu8o,Rolling Equipment
FAFvIo1DPZrqzBVyAIju,Block Ice,60000.0,20.69,2025-06-08,2900,T9xCRoYcemSHcQq2wu8o,Rolling Equipment
FAFvIo1DPZrqzBVyAIju,Block Ice,150000.0,51.72,2025-06-09,2900,T9xCRoYcemSHcQq2wu8o,Rolling Equipment
FAFvIo1DPZrqzBVyAIju,Block Ice,175000.0,60.34,2025-06-10,2900,T9xCRoYcemSHcQq2wu8o,Rolling Equipment
FAFvIo1DPZrqzBVyAIju,Block Ice,92000.0,31.72,2025-06-05,2900,xsNBbGxClX3PrQ3MCVNp,Maintenance & Repairs of Machines
FAFvIo1DPZrqzBVyAIju,Block Ice,30000.0,10.34,2025-06-06,2900,xsNBbGxClX3PrQ3MCVNp,Maintenance & Repairs of Machines
FAFvIo1DPZrqzBVyAIju,Block Ice,72000.0,24.83,2025-06-08,2900,xsNBbGxClX3PrQ3MCVNp,Maintenance & Repairs of Machines
FAFvIo1DPZrqzBVyAIju,Block Ice,8000.0,2.76,2025-06-01,2900,imVuQbhtYp1jQn2bygzu,Maintenance & Repairs of Rolling Equipment
FAFvIo1DPZrqzBVyAIju,Block Ice,2000.0,0.69,2025-06-04,2900,imVuQbhtYp1jQn2bygzu,Maintenance & Repairs of Rolling Equipment
FAFvIo1DPZrqzBVyAIju,Block Ice,5000.0,1.72,2025-06-05,2900,imVuQbhtYp1jQn2bygzu,Maintenance & Repairs of Rolling Equipment
FAFvIo1DPZrqzBVyAIju,Block Ice,11000.0,3.79,2025-06-09,2900,imVuQbhtYp1jQn2bygzu,Maintenance & Repairs of Rolling Equipment
FAFvIo1DPZrqzBVyAIju,Block Ice,46000.0,15.86,2025-06-10,2900,imVuQbhtYp1jQn2bygzu,Maintenance & Repairs of Rolling Equipment
FAFvIo1DPZrqzBVyAIju,Block Ice,26000.0,8.97,2025-06-01,2900,Q13wfciYwm1ExhDF212r,Miscellaneous Expenses
FAFvIo1DPZrqzBVyAIju,Block Ice,80000.0,27.59,2025-06-05,2900,Q13wfciYwm1ExhDF212r,Miscellaneous Expenses
FAFvIo1DPZrqzBVyAIju,Block Ice,14000.0,4.83,2025-06-06,2900,Q13wfciYwm1ExhDF212r,Miscellaneous Expenses
FAFvIo1DPZrqzBVyAIju,Block Ice,55000.0,18.97,2025-06-07,2900,Q13wfciYwm1ExhDF212r,Miscellaneous Expenses
FAFvIo1DPZrqzBVyAIju,Block Ice,26500.0,9.14,2025-06-08,2900,Q13wfciYwm1ExhDF212r,Miscellaneous Expenses
FAFvIo1DPZrqzBVyAIju,Block Ice,64500.0,22.24,2025-06-09,2900,Q13wfciYwm1ExhDF212r,Miscellaneous Expenses
FAFvIo1DPZrqzBVyAIju,Block Ice,22000.0,7.59,2025-06-10,2900,Q13wfciYwm1ExhDF212r,Miscellaneous Expenses